{
  "project_info": {
    "project_number": "386711736912",
    "firebase_url": "https://asha-app-10b0f.firebaseio.com",
    "project_id": "asha-app-10b0f",
    "storage_bucket": "asha-app-10b0f.appspot.com"
  },
  "client": [
    {
      "client_info": {
        "mobilesdk_app_id": "1:386711736912:android:aa09fbc813c14c0b1bb755",
        "android_client_info": {
          "package_name": "com.example.a1bm17cs150madlabtest"
        }
      },
      "oauth_client": [
        {
          "client_id": "386711736912-8gcmqhtgofem6nhjcujj2hgvlbi51esl.apps.googleusercontent.com",
          "client_type": 3
        }
      ],
      "api_key": [
        {
          "current_key": "AIzaSyAx4wAKMQrzifw3XvqCvB574Nn-jh-vI5I"
        }
      ],
      "services": {
        "appinvite_service": {
          "other_platform_oauth_client": [
            {
              "client_id": "386711736912-8gcmqhtgofem6nhjcujj2hgvlbi51esl.apps.googleusercontent.com",
              "client_type": 3
            }
          ]
        }
      }
    },
    {
      "client_info": {
        "mobilesdk_app_id": "1:386711736912:android:1e8d4fa92e77c1211bb755",
        "android_client_info": {
          "package_name": "com.example.asha_app"
        }
      },
      "oauth_client": [
        {
          "client_id": "386711736912-id12t60uojtgsek07uhaqg8cvraoahan.apps.googleusercontent.com",
          "client_type": 1,
          "android_info": {
            "package_name": "com.example.asha_app",
            "certificate_hash": "96d029ed46a0e3046c5c4f3080fa523241a13259"
          }
        },
        {
          "client_id": "386711736912-8gcmqhtgofem6nhjcujj2hgvlbi51esl.apps.googleusercontent.com",
          "client_type": 3
        }
      ],
      "api_key": [
        {
          "current_key": "AIzaSyAx4wAKMQrzifw3XvqCvB574Nn-jh-vI5I"
        }
      ],
      "services": {
        "appinvite_service": {
          "other_platform_oauth_client": [
            {
              "client_id": "386711736912-8gcmqhtgofem6nhjcujj2hgvlbi51esl.apps.googleusercontent.com",
              "client_type": 3
            }
          ]
        }
      }
    }
  ],
  "configuration_version": "1"
}